ageAtEnroll,Gender,HbA1CTest,diabDuration,dailyBasal_Ins,dailyIns_U_kg_d,bedtimeBG,Snack,iob_dailyIns,cgmRateChgGrp,sysStartTmGrp,exer_Intensity,daytimeHypo,vimp
22.57221792,18.23439103,44.84641473,15.64201209,12.06496148,19.5417631,25.95132994,-0.573071043,14.0283613,-1.585019342,17.46668153,17.82783609,34.23875449,arIndep_auc
3.77029532,3.429859334,4.822005643,1.237109452,1.073402614,6.64141203,6.432711512,0.310622132,2.320547228,-0.081535141,-0.285810755,2.084574435,7.912400506,arIndep_misclass
5.289105607,3.926528252,28.32951604,-1.347080743,-5.818308074,1.376381084,26.39046702,-3.481902331,12.03604584,0.301947206,11.30880263,15.70633661,33.55130342,arDep_ar_auc
0.775187369,-1.498822042,1.039679991,-0.386342407,-1.651799145,3.828519822,0.406619949,0.20324694,-0.362715255,-1.710953957,-0.218010455,1.064450502,7.947275064,arDep_ar_misclass
5.306443291,4.04546915,26.2536634,-1.955554184,-5.351339731,0.917901875,21.85790958,-3.479286635,12.20270117,0.089554146,11.72552645,14.87743126,33.22928771,arDep_ex_auc
-0.131961936,-1.364554561,1.695480855,-1.110345747,-0.355713302,3.304730637,2.288538313,-0.925868319,-1.193318476,0.283327366,-0.224920614,1.465089164,7.3726004,arDep_ex_misclass
