ageAtEnroll,Gender,HbA1CTest,diabDuration,dailyBasal_Ins,dailyIns_U_kg_d,bedtimeBG,Snack,iob_dailyIns,cgmRateChgGrp,sysStartTmGrp,exer_Intensity,daytimeHypo,vimp
20.7044164,15.80774984,43.93685358,15.15609984,9.890617741,18.15480492,24.47988173,-0.21026143,11.64768894,-3.625879992,18.77497853,16.67019053,33.14961922,arIndep_auc
2.91306558,1.911258521,5.958074385,0.587644892,0.828428043,5.460286613,5.115192786,1.241465095,-0.641033246,0.85662044,1.305194186,1.387919725,7.955987933,arIndep_misclass
6.499875505,4.153580411,27.19131431,-0.193102003,-3.229034671,1.472243765,24.97620938,-4.133391733,13.1986092,0.272072119,11.58472121,15.75307262,34.91943573,arDep_ar_auc
0.624255856,-0.97961189,2.803338222,-1.168980962,-2.755111537,3.714823113,1.768771771,-1.42596378,-0.419605942,0.024473979,-0.945413548,0.017394477,7.930303858,arDep_ar_misclass
6.735773248,2.921137933,28.28267407,0.43280461,-3.598355042,0.651486708,23.41517258,-2.077668281,13.51796998,-0.859254233,13.52832761,15.64083202,34.6474823,arDep_ex_auc
2.132051162,-0.398863805,3.629776761,-0.814465586,0.225892417,3.882094699,2.105481132,-1.389780951,1.340369299,-0.922549293,1.233131947,0.682197924,7.862463274,arDep_ex_misclass
