ageAtEnroll,Gender,HbA1CTest,diabDuration,dailyBasal_Ins,dailyIns_U_kg_d,bedtimeBG,Snack,iob_dailyIns,cgmRateChgGrp,sysStartTmGrp,exer_Intensity,daytimeHypo,vimp
20.94338148,15.52178797,44.53440338,14.95756596,8.868759564,17.89247662,27.81037108,0.287484129,15.28222672,-1.527838578,18.82226663,19.7026155,33.62505298,arIndep_auc
3.797207975,2.812288637,4.253499081,0.990139698,0.970611532,6.894389887,5.532677773,-1.309983984,0.118693499,0.564720962,-1.19743055,-0.00887659,9.101870327,arIndep_misclass
5.566081153,4.013403008,28.06389306,1.092049013,-4.636223986,3.92825372,26.32409809,-2.852821282,13.26397943,1.42478178,12.13664161,15.36462855,32.52104781,arDep_ar_auc
2.527435214,-1.183474421,3.341340619,-1.173434126,-1.330546027,4.113111324,1.575795997,-1.840298303,-0.818166993,0.473720132,0.610235468,-0.107094582,7.691968745,arDep_ar_misclass
6.44203709,3.667200862,26.80954767,-0.433717266,-3.950083556,-0.203772188,26.59120275,-2.844944514,13.26434561,1.818444661,13.32586914,15.65167936,33.44426569,arDep_ex_auc
1.803424288,-0.265098284,2.455552582,-0.870686927,-2.040116351,4.08790653,0.992994776,-1.709544438,-0.119281098,-0.594630513,0.032279558,1.733720455,8.135163249,arDep_ex_misclass
